-- Database: spk_smart_mcc
CREATE DATABASE IF NOT EXISTS spk_smart_mcc;
USE spk_smart_mcc;

-- Tabel Kriteria
CREATE TABLE kriteria (
    id_kriteria VARCHAR(10) PRIMARY KEY,
    nama_kriteria VARCHAR(100) NOT NULL,
    jenis_kriteria ENUM('benefit', 'cost') NOT NULL,
    satuan VARCHAR(20),
    deskripsi TEXT
);

-- Insert data kriteria
INSERT INTO kriteria VALUES
('C1', 'CPU frequency (GHz)', 'benefit', 'GHz', 'Frekuensi CPU dalam GHz'),
('C2', 'CPU cores (jumlah)', 'benefit', 'cores', 'Jumlah core CPU'),
('C3', 'GPU frequency (GHz)', 'benefit', 'GHz', 'Frekuensi GPU dalam GHz'),
('C4', 'Total RAM (GB)', 'benefit', 'GB', 'Total kapasitas RAM'),
('C5', 'Available memory (MB)', 'benefit', 'MB', 'Memori yang tersedia'),
('C6', 'Battery capacity (mAh)', 'benefit', 'mAh', 'Kapasitas baterai'),
('C7', 'Battery available (%)', 'benefit', '%', 'Persentase baterai tersisa'),
('C8', 'Wi-Fi strength (1-5)', 'benefit', 'scale', 'Kekuatan sinyal Wi-Fi'),
('C9', 'CPU load (%)', 'cost', '%', 'Beban CPU saat ini'),
('C10', 'GPU load (%)', 'cost', '%', 'Beban GPU saat ini'),
('C11', 'CPU temperature (째C)', 'cost', '째C', 'Suhu CPU'),
('C12', 'Battery temperature (째C)', 'cost', '째C', 'Suhu baterai'),
('C13', 'GPU architecture (nm)', 'cost', 'nm', 'Arsitektur GPU dalam nanometer');

-- Tabel Alternatif (SMD)
CREATE TABLE alternatif (
    id_alternatif VARCHAR(10) PRIMARY KEY,
    nama_alternatif VARCHAR(50) NOT NULL,
    deskripsi TEXT
);

-- Insert data alternatif
INSERT INTO alternatif VALUES
('M1', 'Mobile Device 1', 'Smart Mobile Device 1'),
('M2', 'Mobile Device 2', 'Smart Mobile Device 2'),
('M3', 'Mobile Device 3', 'Smart Mobile Device 3'),
('M4', 'Mobile Device 4', 'Smart Mobile Device 4'),
('M5', 'Mobile Device 5', 'Smart Mobile Device 5'),
('M6', 'Mobile Device 6', 'Smart Mobile Device 6'),
('M7', 'Mobile Device 7', 'Smart Mobile Device 7'),
('M8', 'Mobile Device 8', 'Smart Mobile Device 8'),
('M9', 'Mobile Device 9', 'Smart Mobile Device 9'),
('M10', 'Mobile Device 10', 'Smart Mobile Device 10'),
('M11', 'Mobile Device 11', 'Smart Mobile Device 11'),
('M12', 'Mobile Device 12', 'Smart Mobile Device 12'),
('M13', 'Mobile Device 13', 'Smart Mobile Device 13'),
('M14', 'Mobile Device 14', 'Smart Mobile Device 14'),
('M15', 'Mobile Device 15', 'Smart Mobile Device 15'),
('M16', 'Mobile Device 16', 'Smart Mobile Device 16'),
('M17', 'Mobile Device 17', 'Smart Mobile Device 17'),
('M18', 'Mobile Device 18', 'Smart Mobile Device 18'),
('M19', 'Mobile Device 19', 'Smart Mobile Device 19'),
('M20', 'Mobile Device 20', 'Smart Mobile Device 20'),
('M21', 'Mobile Device 21', 'Smart Mobile Device 21'),
('M22', 'Mobile Device 22', 'Smart Mobile Device 22'),
('M23', 'Mobile Device 23', 'Smart Mobile Device 23'),
('M24', 'Mobile Device 24', 'Smart Mobile Device 24'),
('M25', 'Mobile Device 25', 'Smart Mobile Device 25'),
('M26', 'Mobile Device 26', 'Smart Mobile Device 26'),
('M27', 'Mobile Device 27', 'Smart Mobile Device 27'),
('M28', 'Mobile Device 28', 'Smart Mobile Device 28'),
('M29', 'Mobile Device 29', 'Smart Mobile Device 29'),
('M30', 'Mobile Device 30', 'Smart Mobile Device 30'),
('M31', 'Mobile Device 31', 'Smart Mobile Device 31'),
('M32', 'Mobile Device 32', 'Smart Mobile Device 32'),
('M33', 'Mobile Device 33', 'Smart Mobile Device 33'),
('M34', 'Mobile Device 34', 'Smart Mobile Device 34'),
('M35', 'Mobile Device 35', 'Smart Mobile Device 35'),
('M36', 'Mobile Device 36', 'Smart Mobile Device 36'),
('M37', 'Mobile Device 37', 'Smart Mobile Device 37'),
('M38', 'Mobile Device 38', 'Smart Mobile Device 38'),
('M39', 'Mobile Device 39', 'Smart Mobile Device 39'),
('M40', 'Mobile Device 40', 'Smart Mobile Device 40'),
('M41', 'Mobile Device 41', 'Smart Mobile Device 41'),
('M42', 'Mobile Device 42', 'Smart Mobile Device 42'),
('M43', 'Mobile Device 43', 'Smart Mobile Device 43'),
('M44', 'Mobile Device 44', 'Smart Mobile Device 44'),
('M45', 'Mobile Device 45', 'Smart Mobile Device 45'),
('M46', 'Mobile Device 46', 'Smart Mobile Device 46'),
('M47', 'Mobile Device 47', 'Smart Mobile Device 47'),
('M48', 'Mobile Device 48', 'Smart Mobile Device 48'),
('M49', 'Mobile Device 49', 'Smart Mobile Device 49'),
('M50', 'Mobile Device 50', 'Smart Mobile Device 50');

-- Tabel Nilai Alternatif
CREATE TABLE nilai_alternatif (
    id INT AUTO_INCREMENT PRIMARY KEY,
    id_alternatif VARCHAR(10),
    id_kriteria VARCHAR(10),
    nilai DECIMAL(10,2),
    FOREIGN KEY (id_alternatif) REFERENCES alternatif(id_alternatif),
    FOREIGN KEY (id_kriteria) REFERENCES kriteria(id_kriteria)
);

-- Insert data nilai alternatif berdasarkan tabel dari artikel
INSERT INTO nilai_alternatif (id_alternatif, id_kriteria, nilai) VALUES
('M1', 'C1', 2.2), ('M1', 'C2', 2), ('M1', 'C3', 650), ('M1', 'C4', 8), ('M1', 'C5', 895), ('M1', 'C6', 2700), ('M1', 'C7', 15), ('M1', 'C8', 4), ('M1', 'C9', 92), ('M1', 'C10', 27), ('M1', 'C11', 43), ('M1', 'C12', 45), ('M1', 'C13', 14),
('M2', 'C1', 1.5), ('M2', 'C2', 4), ('M2', 'C3', 450), ('M2', 'C4', 4), ('M2', 'C5', 8331), ('M2', 'C6', 4000), ('M2', 'C7', 39), ('M2', 'C8', 4), ('M2', 'C9', 16), ('M2', 'C10', 76), ('M2', 'C11', 39), ('M2', 'C12', 40), ('M2', 'C13', 10),
('M3', 'C1', 1.5), ('M3', 'C2', 2), ('M3', 'C3', 650), ('M3', 'C4', 6), ('M3', 'C5', 2694), ('M3', 'C6', 2700), ('M3', 'C7', 12), ('M3', 'C8', 3), ('M3', 'C9', 44), ('M3', 'C10', 67), ('M3', 'C11', 38), ('M3', 'C12', 40), ('M3', 'C13', 28),
('M4', 'C1', 1.3), ('M4', 'C2', 8), ('M4', 'C3', 650), ('M4', 'C4', 8), ('M4', 'C5', 518), ('M4', 'C6', 4000), ('M4', 'C7', 11), ('M4', 'C8', 5), ('M4', 'C9', 89), ('M4', 'C10', 78), ('M4', 'C11', 42), ('M4', 'C12', 42), ('M4', 'C13', 10),
('M5', 'C1', 1.3), ('M5', 'C2', 8), ('M5', 'C3', 650), ('M5', 'C4', 8), ('M5', 'C5', 1807), ('M5', 'C6', 3000), ('M5', 'C7', 10), ('M5', 'C8', 4), ('M5', 'C9', 13), ('M5', 'C10', 8), ('M5', 'C11', 31), ('M5', 'C12', 38), ('M5', 'C13', 10),
('M6', 'C1', 1.7), ('M6', 'C2', 8), ('M6', 'C3', 450), ('M6', 'C4', 8), ('M6', 'C5', 1982), ('M6', 'C6', 3000), ('M6', 'C7', 68), ('M6', 'C8', 5), ('M6', 'C9', 64), ('M6', 'C10', 32), ('M6', 'C11', 32), ('M6', 'C12', 35), ('M6', 'C13', 14),
('M7', 'C1', 2.5), ('M7', 'C2', 2), ('M7', 'C3', 400), ('M7', 'C4', 6), ('M7', 'C5', 3857), ('M7', 'C6', 3500), ('M7', 'C7', 18), ('M7', 'C8', 1), ('M7', 'C9', 60), ('M7', 'C10', 16), ('M7', 'C11', 38), ('M7', 'C12', 36), ('M7', 'C13', 10),
('M8', 'C1', 2.5), ('M8', 'C2', 4), ('M8', 'C3', 624), ('M8', 'C4', 8), ('M8', 'C5', 558), ('M8', 'C6', 4000), ('M8', 'C7', 56), ('M8', 'C8', 5), ('M8', 'C9', 99), ('M8', 'C10', 87), ('M8', 'C11', 50), ('M8', 'C12', 48), ('M8', 'C13', 10),
('M9', 'C1', 1.7), ('M9', 'C2', 2), ('M9', 'C3', 450), ('M9', 'C4', 8), ('M9', 'C5', 1908), ('M9', 'C6', 2700), ('M9', 'C7', 57), ('M9', 'C8', 4), ('M9', 'C9', 26), ('M9', 'C10', 4), ('M9', 'C11', 30), ('M9', 'C12', 34), ('M9', 'C13', 28),
('M10', 'C1', 2.5), ('M10', 'C2', 2), ('M10', 'C3', 450), ('M10', 'C4', 6), ('M10', 'C5', 1767), ('M10', 'C6', 4000), ('M10', 'C7', 24), ('M10', 'C8', 2), ('M10', 'C9', 53), ('M10', 'C10', 93), ('M10', 'C11', 45), ('M10', 'C12', 44), ('M10', 'C13', 10),
('M11', 'C1', 2.5), ('M11', 'C2', 2), ('M11', 'C3', 400), ('M11', 'C4', 4), ('M11', 'C5', 2853), ('M11', 'C6', 4000), ('M11', 'C7', 94), ('M11', 'C8', 3), ('M11', 'C9', 53), ('M11', 'C10', 47), ('M11', 'C11', 40), ('M11', 'C12', 40), ('M11', 'C13', 10),
('M12', 'C1', 2.2), ('M12', 'C2', 2), ('M12', 'C3', 624), ('M12', 'C4', 6), ('M12', 'C5', 3535), ('M12', 'C6', 2700), ('M12', 'C7', 50), ('M12', 'C8', 3), ('M12', 'C9', 26), ('M12', 'C10', 67), ('M12', 'C11', 37), ('M12', 'C12', 39), ('M12', 'C13', 28),
('M13', 'C1', 2.2), ('M13', 'C2', 8), ('M13', 'C3', 710), ('M13', 'C4', 4), ('M13', 'C5', 1734), ('M13', 'C6', 3500), ('M13', 'C7', 50), ('M13', 'C8', 1), ('M13', 'C9', 19), ('M13', 'C10', 63), ('M13', 'C11', 34), ('M13', 'C12', 38), ('M13', 'C13', 28),
('M14', 'C1', 1.5), ('M14', 'C2', 8), ('M14', 'C3', 650), ('M14', 'C4', 4), ('M14', 'C5', 2954), ('M14', 'C6', 3000), ('M14', 'C7', 59), ('M14', 'C8', 5), ('M14', 'C9', 15), ('M14', 'C10', 3), ('M14', 'C11', 34), ('M14', 'C12', 33), ('M14', 'C13', 10),
('M15', 'C1', 2.2), ('M15', 'C2', 8), ('M15', 'C3', 650), ('M15', 'C4', 6), ('M15', 'C5', 1916), ('M15', 'C6', 3000), ('M15', 'C7', 11), ('M15', 'C8', 1), ('M15', 'C9', 19), ('M15', 'C10', 77), ('M15', 'C11', 32), ('M15', 'C12', 39), ('M15', 'C13', 14),
('M16', 'C1', 1.3), ('M16', 'C2', 2), ('M16', 'C3', 400), ('M16', 'C4', 6), ('M16', 'C5', 870), ('M16', 'C6', 2700), ('M16', 'C7', 90), ('M16', 'C8', 5), ('M16', 'C9', 44), ('M16', 'C10', 89), ('M16', 'C11', 35), ('M16', 'C12', 43), ('M16', 'C13', 10),
('M17', 'C1', 1.5), ('M17', 'C2', 4), ('M17', 'C3', 400), ('M17', 'C4', 4), ('M17', 'C5', 2911), ('M17', 'C6', 3500), ('M17', 'C7', 17), ('M17', 'C8', 2), ('M17', 'C9', 18), ('M17', 'C10', 96), ('M17', 'C11', 36), ('M17', 'C12', 47), ('M17', 'C13', 10),
('M18', 'C1', 1.7), ('M18', 'C2', 8), ('M18', 'C3', 450), ('M18', 'C4', 8), ('M18', 'C5', 3876), ('M18', 'C6', 4000), ('M18', 'C7', 22), ('M18', 'C8', 5), ('M18', 'C9', 62), ('M18', 'C10', 3), ('M18', 'C11', 4), ('M18', 'C12', 45), ('M18', 'C13', 10),
('M19', 'C1', 1.3), ('M19', 'C2', 4), ('M19', 'C3', 650), ('M19', 'C4', 6), ('M19', 'C5', 944), ('M19', 'C6', 2700), ('M19', 'C7', 15), ('M19', 'C8', 1), ('M19', 'C9', 2), ('M19', 'C10', 72), ('M19', 'C11', 30), ('M19', 'C12', 43), ('M19', 'C13', 10),
('M20', 'C1', 1.7), ('M20', 'C2', 2), ('M20', 'C3', 450), ('M20', 'C4', 6), ('M20', 'C5', 2855), ('M20', 'C6', 4000), ('M20', 'C7', 22), ('M20', 'C8', 5), ('M20', 'C9', 62), ('M20', 'C10', 9), ('M20', 'C11', 32), ('M20', 'C12', 40), ('M20', 'C13', 10),
('M21', 'C1', 1.3), ('M21', 'C2', 4), ('M21', 'C3', 450), ('M21', 'C4', 6), ('M21', 'C5', 2973), ('M21', 'C6', 3500), ('M21', 'C7', 18), ('M21', 'C8', 1), ('M21', 'C9', 78), ('M21', 'C10', 92), ('M21', 'C11', 40), ('M21', 'C12', 45), ('M21', 'C13', 14),
('M22', 'C1', 1.5), ('M22', 'C2', 8), ('M22', 'C3', 624), ('M22', 'C4', 8), ('M22', 'C5', 3521), ('M22', 'C6', 4000), ('M22', 'C7', 22), ('M22', 'C8', 1), ('M22', 'C9', 42), ('M22', 'C10', 44), ('M22', 'C11', 38), ('M22', 'C12', 37), ('M22', 'C13', 10),
('M23', 'C1', 1.3), ('M23', 'C2', 4), ('M23', 'C3', 400), ('M23', 'C4', 6), ('M23', 'C5', 1734), ('M23', 'C6', 3500), ('M23', 'C7', 84), ('M23', 'C8', 4), ('M23', 'C9', 95), ('M23', 'C10', 24), ('M23', 'C11', 43), ('M23', 'C12', 39), ('M23', 'C13', 28),
('M24', 'C1', 2.5), ('M24', 'C2', 2), ('M24', 'C3', 710), ('M24', 'C4', 6), ('M24', 'C5', 3986), ('M24', 'C6', 3000), ('M24', 'C7', 16), ('M24', 'C8', 1), ('M24', 'C9', 8), ('M24', 'C10', 57), ('M24', 'C11', 36), ('M24', 'C12', 40), ('M24', 'C13', 28),
('M25', 'C1', 1.5), ('M25', 'C2', 4), ('M25', 'C3', 624), ('M25', 'C4', 6), ('M25', 'C5', 2851), ('M25', 'C6', 3500), ('M25', 'C7', 31), ('M25', 'C8', 4), ('M25', 'C9', 71), ('M25', 'C10', 2), ('M25', 'C11', 39), ('M25', 'C12', 42), ('M25', 'C13', 10),
('M26', 'C1', 1.7), ('M26', 'C2', 4), ('M26', 'C3', 710), ('M26', 'C4', 6), ('M26', 'C5', 2983), ('M26', 'C6', 3000), ('M26', 'C7', 50), ('M26', 'C8', 1), ('M26', 'C9', 61), ('M26', 'C10', 58), ('M26', 'C11', 38), ('M26', 'C12', 45), ('M26', 'C13', 10),
('M27', 'C1', 2.2), ('M27', 'C2', 2), ('M27', 'C3', 710), ('M27', 'C4', 8), ('M27', 'C5', 1932), ('M27', 'C6', 4000), ('M27', 'C7', 87), ('M27', 'C8', 3), ('M27', 'C9', 57), ('M27', 'C10', 21), ('M27', 'C11', 39), ('M27', 'C12', 43), ('M27', 'C13', 14),
('M28', 'C1', 2.5), ('M28', 'C2', 2), ('M28', 'C3', 624), ('M28', 'C4', 6), ('M28', 'C5', 972), ('M28', 'C6', 4000), ('M28', 'C7', 87), ('M28', 'C8', 5), ('M28', 'C9', 77), ('M28', 'C10', 80), ('M28', 'C11', 43), ('M28', 'C12', 46), ('M28', 'C13', 28),
('M29', 'C1', 1.3), ('M29', 'C2', 2), ('M29', 'C3', 710), ('M29', 'C4', 6), ('M29', 'C5', 2579), ('M29', 'C6', 4000), ('M29', 'C7', 16), ('M29', 'C8', 2), ('M29', 'C9', 69), ('M29', 'C10', 0), ('M29', 'C11', 41), ('M29', 'C12', 40), ('M29', 'C13', 14),
('M30', 'C1', 1.3), ('M30', 'C2', 4), ('M30', 'C3', 710), ('M30', 'C4', 6), ('M30', 'C5', 3537), ('M30', 'C6', 3500), ('M30', 'C7', 37), ('M30', 'C8', 2), ('M30', 'C9', 4), ('M30', 'C10', 16), ('M30', 'C11', 37), ('M30', 'C12', 37), ('M30', 'C13', 28),
('M31', 'C1', 2.5), ('M31', 'C2', 2), ('M31', 'C3', 650), ('M31', 'C4', 4), ('M31', 'C5', 809), ('M31', 'C6', 2700), ('M31', 'C7', 89), ('M31', 'C8', 5), ('M31', 'C9', 70), ('M31', 'C10', 3), ('M31', 'C11', 41), ('M31', 'C12', 39), ('M31', 'C13', 14),
('M32', 'C1', 1.3), ('M32', 'C2', 4), ('M32', 'C3', 450), ('M32', 'C4', 4), ('M32', 'C5', 3769), ('M32', 'C6', 3500), ('M32', 'C7', 56), ('M32', 'C8', 2), ('M32', 'C9', 5), ('M32', 'C10', 35), ('M32', 'C11', 33), ('M32', 'C12', 40), ('M32', 'C13', 28),
('M33', 'C1', 1.3), ('M33', 'C2', 8), ('M33', 'C3', 400), ('M33', 'C4', 4), ('M33', 'C5', 799), ('M33', 'C6', 3000), ('M33', 'C7', 39), ('M33', 'C8', 1), ('M33', 'C9', 65), ('M33', 'C10', 47), ('M33', 'C11', 35), ('M33', 'C12', 44), ('M33', 'C13', 10),
('M34', 'C1', 2.2), ('M34', 'C2', 4), ('M34', 'C3', 710), ('M34', 'C4', 4), ('M34', 'C5', 1938), ('M34', 'C6', 4000), ('M34', 'C7', 17), ('M34', 'C8', 5), ('M34', 'C9', 48), ('M34', 'C10', 1), ('M34', 'C11', 36), ('M34', 'C12', 40), ('M34', 'C13', 28),
('M35', 'C1', 1.3), ('M35', 'C2', 8), ('M35', 'C3', 710), ('M35', 'C4', 6), ('M35', 'C5', 2755), ('M35', 'C6', 3000), ('M35', 'C7', 92), ('M35', 'C8', 4), ('M35', 'C9', 1), ('M35', 'C10', 48), ('M35', 'C11', 34), ('M35', 'C12', 39), ('M35', 'C13', 14),
('M36', 'C1', 1.3), ('M36', 'C2', 2), ('M36', 'C3', 450), ('M36', 'C4', 6), ('M36', 'C5', 2663), ('M36', 'C6', 2700), ('M36', 'C7', 30), ('M36', 'C8', 1), ('M36', 'C9', 56), ('M36', 'C10', 46), ('M36', 'C11', 37), ('M36', 'C12', 41), ('M36', 'C13', 10),
('M37', 'C1', 2.5), ('M37', 'C2', 8), ('M37', 'C3', 450), ('M37', 'C4', 4), ('M37', 'C5', 1789), ('M37', 'C6', 2700), ('M37', 'C7', 12), ('M37', 'C8', 2), ('M37', 'C9', 4), ('M37', 'C10', 15), ('M37', 'C11', 32), ('M37', 'C12', 36), ('M37', 'C13', 14),
('M38', 'C1', 1.3), ('M38', 'C2', 4), ('M38', 'C3', 710), ('M38', 'C4', 6), ('M38', 'C5', 759), ('M38', 'C6', 3500), ('M38', 'C7', 44), ('M38', 'C8', 2), ('M38', 'C9', 66), ('M38', 'C10', 0), ('M38', 'C11', 34), ('M38', 'C12', 35), ('M38', 'C13', 28),
('M39', 'C1', 2.2), ('M39', 'C2', 4), ('M39', 'C3', 400), ('M39', 'C4', 6), ('M39', 'C5', 1748), ('M39', 'C6', 3000), ('M39', 'C7', 58), ('M39', 'C8', 5), ('M39', 'C9', 99), ('M39', 'C10', 22), ('M39', 'C11', 45), ('M39', 'C12', 44), ('M39', 'C13', 10),
('M40', 'C1', 1.3), ('M40', 'C2', 8), ('M40', 'C3', 450), ('M40', 'C4', 8), ('M40', 'C5', 2690), ('M40', 'C6', 4000), ('M40', 'C7', 56), ('M40', 'C8', 4), ('M40', 'C9', 22), ('M40', 'C10', 13), ('M40', 'C11', 33), ('M40', 'C12', 34), ('M40', 'C13', 28),
('M41', 'C1', 1.5), ('M41', 'C2', 8), ('M41', 'C3', 624), ('M41', 'C4', 8), ('M41', 'C5', 898), ('M41', 'C6', 3500), ('M41', 'C7', 82), ('M41', 'C8', 4), ('M41', 'C9', 47), ('M41', 'C10', 22), ('M41', 'C11', 34), ('M41', 'C12', 36), ('M41', 'C13', 10),
('M42', 'C1', 2.5), ('M42', 'C2', 2), ('M42', 'C3', 450), ('M42', 'C4', 8), ('M42', 'C5', 3681), ('M42', 'C6', 3000), ('M42', 'C7', 62), ('M42', 'C8', 5), ('M42', 'C9', 26), ('M42', 'C10', 68), ('M42', 'C11', 35), ('M42', 'C12', 37), ('M42', 'C13', 28),
('M43', 'C1', 1.3), ('M43', 'C2', 8), ('M43', 'C3', 624), ('M43', 'C4', 8), ('M43', 'C5', 2790), ('M43', 'C6', 4000), ('M43', 'C7', 16), ('M43', 'C8', 3), ('M43', 'C9', 84), ('M43', 'C10', 15), ('M43', 'C11', 37), ('M43', 'C12', 39), ('M43', 'C13', 14),
('M44', 'C1', 1.3), ('M44', 'C2', 8), ('M44', 'C3', 400), ('M44', 'C4', 4), ('M44', 'C5', 1582), ('M44', 'C6', 3000), ('M44', 'C7', 26), ('M44', 'C8', 4), ('M44', 'C9', 18), ('M44', 'C10', 0), ('M44', 'C11', 32), ('M44', 'C12', 33), ('M44', 'C13', 14),
('M45', 'C1', 2.5), ('M45', 'C2', 8), ('M45', 'C3', 650), ('M45', 'C4', 4), ('M45', 'C5', 2628), ('M45', 'C6', 3500), ('M45', 'C7', 69), ('M45', 'C8', 4), ('M45', 'C9', 94), ('M45', 'C10', 1), ('M45', 'C11', 42), ('M45', 'C12', 40), ('M45', 'C13', 28),
('M46', 'C1', 2.5), ('M46', 'C2', 2), ('M46', 'C3', 400), ('M46', 'C4', 6), ('M46', 'C5', 619), ('M46', 'C6', 3000), ('M46', 'C7', 52), ('M46', 'C8', 2), ('M46', 'C9', 40), ('M46', 'C10', 52), ('M46', 'C11', 41), ('M46', 'C12', 39), ('M46', 'C13', 14),
('M47', 'C1', 1.3), ('M47', 'C2', 2), ('M47', 'C3', 400), ('M47', 'C4', 6), ('M47', 'C5', 2760), ('M47', 'C6', 2700), ('M47', 'C7', 69), ('M47', 'C8', 1), ('M47', 'C9', 31), ('M47', 'C10', 38), ('M47', 'C11', 37), ('M47', 'C12', 38), ('M47', 'C13', 10),
('M48', 'C1', 2.5), ('M48', 'C2', 8), ('M48', 'C3', 624), ('M48', 'C4', 8), ('M48', 'C5', 1673), ('M48', 'C6', 2700), ('M48', 'C7', 29), ('M48', 'C8', 5), ('M48', 'C9', 26), ('M48', 'C10', 7), ('M48', 'C11', 35), ('M48', 'C12', 36), ('M48', 'C13', 28),
('M49', 'C1', 1.7), ('M49', 'C2', 4), ('M49', 'C3', 650), ('M49', 'C4', 4), ('M49', 'C5', 1647), ('M49', 'C6', 3000), ('M49', 'C7', 48), ('M49', 'C8', 3), ('M49', 'C9', 43), ('M49', 'C10', 0), ('M49', 'C11', 34), ('M49', 'C12', 37), ('M49', 'C13', 10),
('M50', 'C1', 1.3), ('M50', 'C2', 8), ('M50', 'C3', 450), ('M50', 'C4', 6), ('M50', 'C5', 1753), ('M50', 'C6', 4000), ('M50', 'C7', 29), ('M50', 'C8', 3), ('M50', 'C9', 91), ('M50', 'C10', 64), ('M50', 'C11', 39), ('M50', 'C12', 45), ('M50', 'C13', 28);

-- Tabel Bobot Kriteria
CREATE TABLE bobot_kriteria (
    id INT AUTO_INCREMENT PRIMARY KEY,
    id_kriteria VARCHAR(10),
    bobot DECIMAL(10,6),
    metode_pembobotan ENUM('manual', 'roc') DEFAULT 'manual',
    created_at TIMESTAMP DEFAULT CURRENT_TIMESTAMP,
    FOREIGN KEY (id_kriteria) REFERENCES kriteria(id_kriteria)
);

-- Tabel Hasil Perhitungan SMART
CREATE TABLE hasil_smart (
    id INT AUTO_INCREMENT PRIMARY KEY,
    id_alternatif VARCHAR(10),
    skor_akhir DECIMAL(10,6),
    ranking INT,
    metode_pembobotan ENUM('manual', 'roc'),
    created_at TIMESTAMP DEFAULT CURRENT_TIMESTAMP,
    FOREIGN KEY (id_alternatif) REFERENCES alternatif(id_alternatif)
);
